iter	Logloss
0	0.511172801
1	0.4167734605
2	0.366696056
3	0.3402113789
4	0.3250566353
5	0.3166455721
6	0.3118201706
7	0.3089687948
8	0.3064908529
9	0.3052411876
10	0.3040230439
11	0.3034774856
12	0.3031041559
13	0.3025631155
